{"cameraMode":{"drawMode":0,"name":"Shaded","section":"Shading Mode"},"sceneLighting":false,"audioPlay":false,"sceneViewState":{"showFog":true,"showMaterialUpdate":true,"showSkybox":true,"showFlares":true,"showImageEffects":true,"showParticleSystems":true},"in2DMode":false,"pivot":{"x":-0.4991495609283447,"y":-3.7228658199310304,"z":0.13207167387008668},"rotation":{"x":-0.21457967162132264,"y":0.3714026212692261,"z":-0.08865275979042053,"w":-0.8989751935005188},"size":1.7117373943328858,"orthographic":false}