{"cameraMode":{"drawMode":0,"name":"Shaded","section":"Shading Mode"},"sceneLighting":false,"audioPlay":false,"sceneViewState":{"showFog":true,"showMaterialUpdate":true,"showSkybox":true,"showFlares":true,"showImageEffects":true,"showParticleSystems":true},"in2DMode":false,"pivot":{"x":-3.0402274131774904,"y":-1.3901103734970093,"z":1.9923069477081299},"rotation":{"x":0.4384750723838806,"y":-0.43485501408576968,"z":0.2564336359500885,"w":0.743560791015625},"size":11.043391227722168,"orthographic":false}