{"cameraMode":{"drawMode":0,"name":"Shaded","section":"Shading Mode"},"sceneLighting":false,"audioPlay":false,"sceneViewState":{"showFog":true,"showMaterialUpdate":true,"showSkybox":true,"showFlares":true,"showImageEffects":true,"showParticleSystems":true},"in2DMode":false,"pivot":{"x":-4.2829999923706059,"y":0.0,"z":-0.6113912463188171},"rotation":{"x":0.06296826899051666,"y":-0.09684214740991593,"z":0.006139300297945738,"w":0.9932869076728821},"size":2.7475223541259767,"orthographic":false}