{"cameraMode":{"drawMode":0,"name":"Shaded","section":"Shading Mode"},"sceneLighting":false,"audioPlay":false,"sceneViewState":{"showFog":true,"showMaterialUpdate":true,"showSkybox":true,"showFlares":true,"showImageEffects":true,"showParticleSystems":true},"in2DMode":false,"pivot":{"x":0.35472947359085085,"y":-3.4140632152557375,"z":-0.16742724180221559},"rotation":{"x":0.12361706048250199,"y":-0.736244261264801,"z":0.13992302119731904,"w":0.6504497528076172},"size":2.868640422821045,"orthographic":false}