{"cameraMode":{"drawMode":0,"name":"Shaded","section":"Shading Mode"},"sceneLighting":false,"audioPlay":false,"sceneViewState":{"showFog":true,"showMaterialUpdate":true,"showSkybox":true,"showFlares":true,"showImageEffects":true,"showParticleSystems":true},"in2DMode":false,"pivot":{"x":-4.609000205993652,"y":0.02717682719230652,"z":-0.7312162518501282},"rotation":{"x":0.28973400592803957,"y":0.6851320266723633,"z":-0.34785953164100649,"w":0.5706505179405212},"size":3.8552844524383547,"orthographic":false}