{"cameraMode":{"drawMode":0,"name":"Shaded","section":"Shading Mode"},"sceneLighting":false,"audioPlay":false,"sceneViewState":{"showFog":true,"showMaterialUpdate":true,"showSkybox":true,"showFlares":true,"showImageEffects":true,"showParticleSystems":true},"in2DMode":false,"pivot":{"x":-0.01120901107788086,"y":-3.8120813369750978,"z":-1.1920928955078126e-7},"rotation":{"x":-0.06354722380638123,"y":-0.7556591629981995,"z":0.07414789497852326,"w":-0.6476442813873291},"size":5.85950231552124,"orthographic":false}