{"cameraMode":{"drawMode":0,"name":"Shaded","section":"Shading Mode"},"sceneLighting":false,"audioPlay":false,"sceneViewState":{"showFog":true,"showMaterialUpdate":true,"showSkybox":true,"showFlares":true,"showImageEffects":true,"showParticleSystems":true},"in2DMode":false,"pivot":{"x":0.3560890853404999,"y":-3.806680202484131,"z":-0.026997171342372896},"rotation":{"x":-0.1408364325761795,"y":-0.007145250681787729,"z":0.0010154383489862085,"w":-0.9900066256523132},"size":0.22893744707107545,"orthographic":false}