{"cameraMode":{"drawMode":0,"name":"Shaded","section":"Shading Mode"},"sceneLighting":false,"audioPlay":false,"sceneViewState":{"showFog":true,"showMaterialUpdate":true,"showSkybox":true,"showFlares":true,"showImageEffects":true,"showParticleSystems":true},"in2DMode":false,"pivot":{"x":-0.01120901107788086,"y":-3.8120813369750978,"z":-1.1920928955078126e-7},"rotation":{"x":0.059610653668642047,"y":-0.03864005580544472,"z":-0.002307796385139227,"w":-0.9974709153175354},"size":4.0595011711120609,"orthographic":false}