{"cameraMode":{"drawMode":0,"name":"Shaded","section":"Shading Mode"},"sceneLighting":false,"audioPlay":false,"sceneViewState":{"showFog":true,"showMaterialUpdate":true,"showSkybox":true,"showFlares":true,"showImageEffects":true,"showParticleSystems":true},"in2DMode":false,"pivot":{"x":-1.830899953842163,"y":-1.7395968437194825,"z":0.11852999776601792},"rotation":{"x":0.007924775592982769,"y":-0.6993888020515442,"z":-0.007758107036352158,"w":-0.7146554589271545},"size":1.503791093826294,"orthographic":false}