{"cameraMode":{"drawMode":0,"name":"Shaded","section":"Shading Mode"},"sceneLighting":false,"audioPlay":false,"sceneViewState":{"showFog":true,"showMaterialUpdate":true,"showSkybox":true,"showFlares":true,"showImageEffects":true,"showParticleSystems":true},"in2DMode":false,"pivot":{"x":-3.3954336643218996,"y":-0.4526071846485138,"z":1.7032920122146607},"rotation":{"x":-0.11198294162750244,"y":-0.4459403157234192,"z":-0.05634734407067299,"w":0.8862404823303223},"size":9.13744831085205,"orthographic":false}