{"cameraMode":{"drawMode":0,"name":"Shaded","section":"Shading Mode"},"sceneLighting":false,"audioPlay":false,"sceneViewState":{"showFog":true,"showMaterialUpdate":true,"showSkybox":true,"showFlares":true,"showImageEffects":true,"showParticleSystems":true},"in2DMode":false,"pivot":{"x":-4.2829999923706059,"y":0.0,"z":-0.021010369062423707},"rotation":{"x":0.00998839084059,"y":-0.980749785900116,"z":0.18791557848453523,"w":0.05213380604982376},"size":4.957031726837158,"orthographic":false}