{"cameraMode":{"drawMode":0,"name":"Shaded","section":"Shading Mode"},"sceneLighting":false,"audioPlay":false,"sceneViewState":{"showFog":true,"showMaterialUpdate":true,"showSkybox":true,"showFlares":true,"showImageEffects":true,"showParticleSystems":true},"in2DMode":false,"pivot":{"x":0.056662965565919879,"y":18.400747299194337,"z":5.727703094482422},"rotation":{"x":-0.33413830399513247,"y":-0.2813555896282196,"z":0.10523226857185364,"w":-0.8933738470077515},"size":17.920175552368165,"orthographic":false}